platform,input_load_tps,trial_id,latency_ms,achieved_tps,gas_used,cpu_util_pct,ram_usage_mb,timestamp_ms
Fabric,10,1,18.990,10.115,0,32.72,682.04,1791526560612
Fabric,10,2,18.915,10.616,0,28.17,676.54,1791526560732
Fabric,10,3,16.627,9.759,0,31.87,656.23,1791526560852
Fabric,10,4,19.479,10.191,0,30.34,682.31,1791526560972
Fabric,10,5,18.773,9.764,0,29.52,696.37,1791526561092
Fabric,10,6,16.364,9.698,0,31.53,680.34,1791526561212
Fabric,10,7,19.424,9.988,0,31.88,694.44,1791526561332
Fabric,10,8,19.542,9.831,0,28.99,656.90,1791526561452
Fabric,10,9,20.745,9.727,0,30.09,657.85,1791526561572
Fabric,10,10,20.871,9.776,0,25.37,682.79,1791526561692
Fabric,10,11,20.691,9.781,0,32.52,662.60,1791526561812
Fabric,10,12,21.298,10.186,0,30.95,691.63,1791526561932
Fabric,10,13,19.474,9.878,0,29.65,699.19,1791526562052
Fabric,10,14,16.091,10.336,0,29.09,679.30,1791526562172
Fabric,10,15,21.333,10.136,0,29.48,706.48,1791526562292
Fabric,10,16,17.321,10.120,0,30.14,691.28,1791526562412
Fabric,10,17,21.789,10.107,0,26.84,691.62,1791526562532
Fabric,10,18,20.529,10.354,0,33.71,704.11,1791526562652
Fabric,10,19,20.519,10.059,0,34.10,683.53,1791526562772
Fabric,10,20,20.732,9.812,0,31.20,693.24,1791526562892
Fabric,10,21,17.960,9.691,0,31.91,686.03,1791526563012
Fabric,10,22,20.077,9.987,0,27.65,699.22,1791526563132
Fabric,10,23,21.666,9.978,0,29.12,672.62,1791526563252
Fabric,10,24,18.385,9.875,0,30.17,672.42,1791526563372
Fabric,10,25,16.766,9.596,0,30.27,672.13,1791526563492
Fabric,10,26,21.125,10.028,0,28.05,669.39,1791526563612
Fabric,10,27,21.016,10.081,0,28.63,683.46,1791526563732
Fabric,10,28,18.132,10.487,0,28.55,664.77,1791526563852
Fabric,10,29,20.981,9.868,0,31.13,677.74,1791526563972
Fabric,10,30,18.155,10.563,0,28.27,697.28,1791526564092
Fabric,50,1,22.082,49.723,0,31.83,694.01,1791526600612
Fabric,50,2,20.366,49.990,0,35.91,716.55,1791526600732
Fabric,50,3,23.117,50.488,0,37.92,666.58,1791526600852
Fabric,50,4,18.522,50.385,0,40.02,707.15,1791526600972
Fabric,50,5,20.509,50.106,0,39.43,697.43,1791526601092
Fabric,50,6,20.713,50.410,0,31.62,709.10,1791526601212
Fabric,50,7,19.176,50.892,0,30.90,697.52,1791526601332
Fabric,50,8,23.577,49.911,0,33.15,691.60,1791526601452
Fabric,50,9,19.642,49.751,0,32.93,702.04,1791526601572
Fabric,50,10,22.962,50.231,0,37.30,698.90,1791526601692
Fabric,50,11,21.484,49.608,0,29.67,716.52,1791526601812
Fabric,50,12,21.380,49.829,0,32.93,685.24,1791526601932
Fabric,50,13,19.469,49.659,0,33.64,687.18,1791526602052
Fabric,50,14,22.977,50.133,0,34.21,683.66,1791526602172
Fabric,50,15,20.344,50.464,0,28.82,695.39,1791526602292
Fabric,50,16,20.526,49.637,0,32.82,675.01,1791526602412
Fabric,50,17,19.678,50.180,0,32.65,708.32,1791526602532
Fabric,50,18,22.165,50.002,0,32.54,678.29,1791526602652
Fabric,50,19,23.453,49.596,0,31.01,715.01,1791526602772
Fabric,50,20,21.010,49.970,0,35.68,695.92,1791526602892
Fabric,50,21,23.604,49.443,0,34.83,661.95,1791526603012
Fabric,50,22,20.778,49.787,0,33.34,695.61,1791526603132
Fabric,50,23,20.482,49.812,0,33.91,703.26,1791526603252
Fabric,50,24,23.951,49.770,0,30.34,682.57,1791526603372
Fabric,50,25,22.198,50.237,0,35.20,680.47,1791526603492
Fabric,50,26,20.683,50.150,0,37.50,691.94,1791526603612
Fabric,50,27,21.316,49.837,0,32.02,695.50,1791526603732
Fabric,50,28,22.650,50.053,0,31.54,697.97,1791526603852
Fabric,50,29,18.525,50.084,0,31.85,671.98,1791526603972
Fabric,50,30,21.937,50.324,0,34.59,683.16,1791526604092
Fabric,100,1,25.063,101.799,0,39.95,702.40,1791526650612
Fabric,100,2,25.033,97.975,0,41.08,726.13,1791526650732
Fabric,100,3,23.582,106.531,0,39.76,730.73,1791526650852
Fabric,100,4,22.266,99.236,0,41.17,692.11,1791526650972
Fabric,100,5,21.614,95.105,0,35.26,700.71,1791526651092
Fabric,100,6,24.628,97.308,0,39.84,706.38,1791526651212
Fabric,100,7,25.177,97.721,0,39.30,703.30,1791526651332
Fabric,100,8,27.081,87.317,0,35.49,710.75,1791526651452
Fabric,100,9,24.939,99.430,0,40.10,724.83,1791526651572
Fabric,100,10,23.006,95.798,0,39.47,705.17,1791526651692
Fabric,100,11,27.703,108.685,0,43.21,701.25,1791526651812
Fabric,100,12,24.710,102.310,0,41.64,688.14,1791526651932
Fabric,100,13,20.987,103.040,0,42.53,704.53,1791526652052
Fabric,100,14,26.403,89.161,0,38.24,704.38,1791526652172
Fabric,100,15,26.414,104.234,0,39.85,709.86,1791526652292
Fabric,100,16,25.415,106.572,0,41.09,700.55,1791526652412
Fabric,100,17,24.388,98.835,0,40.72,720.40,1791526652532
Fabric,100,18,22.747,103.715,0,45.07,704.21,1791526652652
Fabric,100,19,24.359,100.280,0,35.96,722.86,1791526652772
Fabric,100,20,24.538,104.805,0,38.68,694.08,1791526652892
Fabric,100,21,22.871,97.211,0,38.97,699.75,1791526653012
Fabric,100,22,24.069,101.635,0,39.89,732.34,1791526653132
Fabric,100,23,26.002,97.447,0,40.97,713.94,1791526653252
Fabric,100,24,25.088,105.502,0,41.81,695.52,1791526653372
Fabric,100,25,23.783,102.107,0,36.99,697.44,1791526653492
Fabric,100,26,26.301,94.493,0,37.51,685.48,1791526653612
Fabric,100,27,24.661,100.299,0,37.69,699.15,1791526653732
Fabric,100,28,23.680,102.013,0,37.00,700.83,1791526653852
Fabric,100,29,26.096,112.575,0,41.70,721.83,1791526653972
Fabric,100,30,24.412,103.482,0,42.69,708.52,1791526654092
Fabric,250,1,32.274,258.327,0,55.77,735.03,1791526800612
Fabric,250,2,34.534,257.354,0,55.97,719.83,1791526800732
Fabric,250,3,32.354,254.598,0,55.86,752.33,1791526800852
Fabric,250,4,29.643,246.900,0,55.98,748.05,1791526800972
Fabric,250,5,33.561,256.445,0,50.92,728.10,1791526801092
Fabric,250,6,29.462,249.954,0,56.87,750.20,1791526801212
Fabric,250,7,32.588,243.977,0,56.29,730.49,1791526801332
Fabric,250,8,28.590,248.237,0,52.03,748.46,1791526801452
Fabric,250,9,34.166,249.273,0,53.41,743.73,1791526801572
Fabric,250,10,29.707,244.721,0,55.48,760.43,1791526801692
Fabric,250,11,30.815,253.816,0,57.53,753.85,1791526801812
Fabric,250,12,28.996,248.898,0,56.88,748.52,1791526801932
Fabric,250,13,29.965,257.460,0,53.46,740.40,1791526802052
Fabric,250,14,30.218,256.628,0,52.22,729.34,1791526802172
Fabric,250,15,30.094,250.352,0,56.00,718.74,1791526802292
Fabric,250,16,31.929,246.754,0,58.39,752.69,1791526802412
Fabric,250,17,31.580,244.950,0,55.66,752.15,1791526802532
Fabric,250,18,31.543,255.856,0,56.23,731.87,1791526802652
Fabric,250,19,30.254,252.633,0,49.16,753.26,1791526802772
Fabric,250,20,29.248,259.531,0,55.44,763.39,1791526802892
Fabric,250,21,28.513,243.707,0,58.86,734.85,1791526803012
Fabric,250,22,31.180,252.738,0,57.30,733.39,1791526803132
Fabric,250,23,34.104,263.714,0,53.71,750.62,1791526803252
Fabric,250,24,30.783,241.466,0,49.62,764.16,1791526803372
Fabric,250,25,32.036,247.206,0,56.48,754.34,1791526803492
Fabric,250,26,30.060,244.800,0,55.28,742.23,1791526803612
Fabric,250,27,33.119,248.361,0,52.93,757.38,1791526803732
Fabric,250,28,33.621,250.997,0,52.67,738.05,1791526803852
Fabric,250,29,30.144,232.425,0,55.11,726.38,1791526803972
Fabric,250,30,31.502,259.907,0,58.60,737.43,1791526804092
Fabric,500,1,44.212,370.801,0,81.45,793.90,1791527050612
Fabric,500,2,46.949,378.926,0,85.51,824.29,1791527050732
Fabric,500,3,40.903,374.413,0,84.59,811.00,1791527050852
Fabric,500,4,43.090,380.504,0,84.16,815.49,1791527050972
Fabric,500,5,43.369,373.756,0,83.68,807.86,1791527051092
Fabric,500,6,42.673,373.429,0,85.15,792.92,1791527051212
Fabric,500,7,43.128,371.354,0,80.20,836.14,1791527051332
Fabric,500,8,42.936,382.720,0,86.30,813.50,1791527051452
Fabric,500,9,40.227,382.866,0,81.69,795.59,1791527051572
Fabric,500,10,41.945,384.152,0,83.00,813.87,1791527051692
Fabric,500,11,42.525,381.662,0,75.11,796.98,1791527051812
Fabric,500,12,42.115,375.782,0,82.31,809.58,1791527051932
Fabric,500,13,41.892,379.572,0,83.49,788.73,1791527052052
Fabric,500,14,43.382,377.178,0,79.37,782.04,1791527052172
Fabric,500,15,42.338,378.968,0,85.66,788.76,1791527052292
Fabric,500,16,44.543,380.773,0,80.74,801.90,1791527052412
Fabric,500,17,42.945,386.827,0,84.31,771.95,1791527052532
Fabric,500,18,42.460,373.031,0,84.06,789.27,1791527052652
Fabric,500,19,43.585,375.115,0,80.58,823.08,1791527052772
Fabric,500,20,45.772,375.659,0,83.30,794.26,1791527052892
Fabric,500,21,44.489,377.663,0,80.88,788.53,1791527053012
Fabric,500,22,42.266,377.114,0,79.59,808.97,1791527053132
Fabric,500,23,44.768,367.729,0,79.36,791.73,1791527053252
Fabric,500,24,46.717,382.841,0,84.55,808.15,1791527053372
Fabric,500,25,40.464,383.604,0,85.31,807.93,1791527053492
Fabric,500,26,44.442,380.119,0,85.18,796.54,1791527053612
Fabric,500,27,43.587,373.922,0,81.44,795.68,1791527053732
Fabric,500,28,43.090,367.671,0,88.02,802.83,1791527053852
Fabric,500,29,44.937,379.873,0,83.86,821.62,1791527053972
Fabric,500,30,43.667,379.209,0,86.48,810.74,1791527054092
